{
"data" : [
    {
        "id": "REQ234T",
        "name": "Superman",
        "empId": "78155",
        "email": "superman@ss.com",
        "managerEmail": "justiceCo@abc.com"        
    },
        {
        "id": "REQ232T",
        "name": "Spiderman",
        "empId": "78153",
        "email": "spidy@ss.com",
        "managerEmail": "justiceCo@abc.com"        
    },
        {
        "id": "REQ224T",
        "name": "Wonder Woman",
        "empId": "78135",
        "email": "wwoman@ss.com",
        "managerEmail": "justiceCo@abc.com"        
    },
        {
        "id": "REQ214T",
        "name": "Clark",
        "empId": "78355",
        "email": "clark@ss.com",
        "managerEmail": "planet@abc.com"        
    },
        {
        "id": "REQ236T",
        "name": "Kara",
        "empId": "78125",
        "email": "karaSG@ss.com",
        "managerEmail": "justiceCo@abc.com"        
    },
        {
        "id": "REQ237T",
        "name": "Iron Man",
        "empId": "78152",
        "email": "stark@ss.com",
        "managerEmail": "justiceCo@abc.com"        
    },
        {
        "id": "REQ239T",
        "name": "Goku",
        "empId": "78151",
        "email": "goku@ss.com",
        "managerEmail": "dragonBall@abc.com"        
    }          
          
          
          ]
}