{
"data" : [
    {
        "id": "REQMOB013",
        "device_id": "ANDRO234T",
        "email" : "superman@ss.com",
        "emp_id": "78355",        
        "from": "04-01-2017",
        "to": "25-06-2017",
        "remarks": "Required urgent"
    },
     {
        "id": "REQMOB023",
        "device_id": "IPHONO233T",
        "email" : "xyz@user",
        "emp_id": "78354",        
        "from": "04-01-2017",
        "to": "25-06-2017",
        "remarks": "Required urgent"
    },
     {
        "id": "REQMOB003",
        "device_id": "WINDO334T",
        "email" : "rt@user",
        "emp_id": "78345",        
        "from": "04-01-2017",
        "to": "25-06-2017",
        "remarks": "Required urgent"
    },
     {
        "id": "REQMOB001",
        "device_id": "SYMBI304T",
        "email" : "mkd@user",
        "emp_id": "74355",        
        "from": "04-01-2017",
        "to": "25-06-2017",
        "remarks": "Required urgent"
    },
     {
        "id": "REQMOB053",
        "device_id": "ANDRO004T",
        "email" : "fg@user",
        "emp_id": "78365",        
        "from": "04-01-2017",
        "to": "25-06-2017",
        "remarks": "Required urgent"
    },
     {
        "id": "REQMOB015",
        "device_id": "ANDRO034T",
        "email" : "agoo@user",
        "emp_id": "78365",        
        "from": "04-01-2017",
        "to": "25-06-2017",
        "remarks": "Required urgent"
    }
 

]
}