{
"data" : [{
    "EmpNo": 860,
    "Name": "Superman",
    "lastName": "Yoda"
}, {
    "EmpNo": 870,
    "Name": "Foo",
    "lastName": "Whateveryournameis"
}, {
    "EmpNo": 590,
    "Name": "Toto",
    "lastName": "Titi"
}, {
    "EmpNo": 803,
    "Name": "Luke",
    "lastName": "Kyle"
}, {
    "EmpNo": 474,
    "Name": "Toto",
    "lastName": "Bar"
}, {
    "EmpNo": 476,
    "Name": "Zed",
    "lastName": "Kyle"
}, {
    "EmpNo": 464,
    "Name": "Cartman",
    "lastName": "Kyle"
}, {
    "EmpNo": 505,
    "Name": "Superman",
    "lastName": "Yoda"
}, {
    "EmpNo": 308,
    "Name": "Louis",
    "lastName": "Kyle"
}, {
    "EmpNo": 184,
    "Name": "Toto",
    "lastName": "Bar"
}, {
    "EmpNo": 411,
    "Name": "Luke",
    "lastName": "Yoda"
}, {
    "EmpNo": 154,
    "Name": "Luke",
    "lastName": "Moliku"
}, {
    "EmpNo": 623,
    "Name": "Someone First Name",
    "lastName": "Moliku"
}, {
    "EmpNo": 499,
    "Name": "Luke",
    "lastName": "Bar"
}, {
    "EmpNo": 482,
    "Name": "Batman",
    "lastName": "Lara"
}, {
    "EmpNo": 255,
    "Name": "Louis",
    "lastName": "Kyle"
}, {
    "EmpNo": 772,
    "Name": "Zed",
    "lastName": "Whateveryournameis"
}, {
    "EmpNo": 398,
    "Name": "Zed",
    "lastName": "Moliku"
}, {
    "EmpNo": 840,
    "Name": "Superman",
    "lastName": "Lara"
}, {
    "EmpNo": 894,
    "Name": "Luke",
    "lastName": "Bar"
}, {
    "EmpNo": 591,
    "Name": "Luke",
    "lastName": "Titi"
}, {
    "EmpNo": 767,
    "Name": "Luke",
    "lastName": "Moliku"
}, {
    "EmpNo": 133,
    "Name": "Cartman",
    "lastName": "Moliku"
}, {
    "EmpNo": 274,
    "Name": "Toto",
    "lastName": "Lara"
}, {
    "EmpNo": 996,
    "Name": "Superman",
    "lastName": "Someone Last Name"
}, {
    "EmpNo": 780,
    "Name": "Batman",
    "lastName": "Kyle"
}, {
    "EmpNo": 931,
    "Name": "Batman",
    "lastName": "Moliku"
}, {
    "EmpNo": 326,
    "Name": "Louis",
    "lastName": "Bar"
}, {
    "EmpNo": 318,
    "Name": "Superman",
    "lastName": "Yoda"
}, {
    "EmpNo": 434,
    "Name": "Zed",
    "lastName": "Bar"
}, {
    "EmpNo": 480,
    "Name": "Toto",
    "lastName": "Kyle"
}, {
    "EmpNo": 187,
    "Name": "Someone First Name",
    "lastName": "Bar"
}, {
    "EmpNo": 829,
    "Name": "Cartman",
    "lastName": "Bar"
}, {
    "EmpNo": 937,
    "Name": "Cartman",
    "lastName": "Lara"
}, {
    "EmpNo": 355,
    "Name": "Foo",
    "lastName": "Moliku"
}, {
    "EmpNo": 258,
    "Name": "Someone First Name",
    "lastName": "Moliku"
}, {
    "EmpNo": 826,
    "Name": "Cartman",
    "lastName": "Yoda"
}, {
    "EmpNo": 586,
    "Name": "Cartman",
    "lastName": "Lara"
}, {
    "EmpNo": 32,
    "Name": "Batman",
    "lastName": "Lara"
}, {
    "EmpNo": 676,
    "Name": "Batman",
    "lastName": "Kyle"
}, {
    "EmpNo": 403,
    "Name": "Toto",
    "lastName": "Titi"
}, {
    "EmpNo": 222,
    "Name": "Foo",
    "lastName": "Moliku"
}, {
    "EmpNo": 507,
    "Name": "Zed",
    "lastName": "Someone Last Name"
}, {
    "EmpNo": 135,
    "Name": "Superman",
    "lastName": "Whateveryournameis"
}, {
    "EmpNo": 818,
    "Name": "Zed",
    "lastName": "Yoda"
}, {
    "EmpNo": 321,
    "Name": "Luke",
    "lastName": "Kyle"
}, {
    "EmpNo": 187,
    "Name": "Cartman",
    "lastName": "Someone Last Name"
}, {
    "EmpNo": 327,
    "Name": "Toto",
    "lastName": "Bar"
}, {
    "EmpNo": 187,
    "Name": "Louis",
    "lastName": "Lara"
}, {
    "EmpNo": 417,
    "Name": "Louis",
    "lastName": "Titi"
}, {
    "EmpNo": 97,
    "Name": "Zed",
    "lastName": "Bar"
}, {
    "EmpNo": 710,
    "Name": "Batman",
    "lastName": "Lara"
}, {
    "EmpNo": 975,
    "Name": "Toto",
    "lastName": "Yoda"
}, {
    "EmpNo": 926,
    "Name": "Foo",
    "lastName": "Bar"
}, {
    "EmpNo": 976,
    "Name": "Toto",
    "lastName": "Lara"
}, {
    "EmpNo": 680,
    "Name": "Zed",
    "lastName": "Kyle"
}, {
    "EmpNo": 275,
    "Name": "Louis",
    "lastName": "Kyle"
}, {
    "EmpNo": 742,
    "Name": "Foo",
    "lastName": "Someone Last Name"
}, {
    "EmpNo": 598,
    "Name": "Zed",
    "lastName": "Lara"
}, {
    "EmpNo": 113,
    "Name": "Foo",
    "lastName": "Moliku"
}, {
    "EmpNo": 228,
    "Name": "Superman",
    "lastName": "Someone Last Name"
}, {
    "EmpNo": 820,
    "Name": "Cartman",
    "lastName": "Whateveryournameis"
}, {
    "EmpNo": 700,
    "Name": "Cartman",
    "lastName": "Someone Last Name"
}, {
    "EmpNo": 556,
    "Name": "Toto",
    "lastName": "Lara"
}, {
    "EmpNo": 687,
    "Name": "Foo",
    "lastName": "Kyle"
}, {
    "EmpNo": 794,
    "Name": "Toto",
    "lastName": "Lara"
}, {
    "EmpNo": 349,
    "Name": "Someone First Name",
    "lastName": "Whateveryournameis"
}, {
    "EmpNo": 283,
    "Name": "Batman",
    "lastName": "Someone Last Name"
}, {
    "EmpNo": 862,
    "Name": "Cartman",
    "lastName": "Lara"
}, {
    "EmpNo": 674,
    "Name": "Cartman",
    "lastName": "Bar"
}, {
    "EmpNo": 954,
    "Name": "Louis",
    "lastName": "Lara"
}, {
    "EmpNo": 243,
    "Name": "Superman",
    "lastName": "Someone Last Name"
}, {
    "EmpNo": 578,
    "Name": "Superman",
    "lastName": "Lara"
}, {
    "EmpNo": 660,
    "Name": "Batman",
    "lastName": "Bar"
}, {
    "EmpNo": 653,
    "Name": "Luke",
    "lastName": "Whateveryournameis"
}, {
    "EmpNo": 583,
    "Name": "Toto",
    "lastName": "Moliku"
}, {
    "EmpNo": 321,
    "Name": "Zed",
    "lastName": "Yoda"
}, {
    "EmpNo": 171,
    "Name": "Superman",
    "lastName": "Kyle"
}, {
    "EmpNo": 41,
    "Name": "Superman",
    "lastName": "Yoda"
}, {
    "EmpNo": 704,
    "Name": "Louis",
    "lastName": "Titi"
}, {
    "EmpNo": 344,
    "Name": "Louis",
    "lastName": "Lara"
}, {
    "EmpNo": 840,
    "Name": "Toto",
    "lastName": "Whateveryournameis"
}, {
    "EmpNo": 476,
    "Name": "Foo",
    "lastName": "Kyle"
}, {
    "EmpNo": 644,
    "Name": "Superman",
    "lastName": "Moliku"
}, {
    "EmpNo": 359,
    "Name": "Superman",
    "lastName": "Moliku"
}, {
    "EmpNo": 856,
    "Name": "Luke",
    "lastName": "Lara"
}, {
    "EmpNo": 760,
    "Name": "Foo",
    "lastName": "Someone Last Name"
}, {
    "EmpNo": 432,
    "Name": "Zed",
    "lastName": "Yoda"
}, {
    "EmpNo": 299,
    "Name": "Superman",
    "lastName": "Kyle"
}, {
    "EmpNo": 693,
    "Name": "Foo",
    "lastName": "Whateveryournameis"
}, {
    "EmpNo": 11,
    "Name": "Toto",
    "lastName": "Lara"
}, {
    "EmpNo": 305,
    "Name": "Luke",
    "lastName": "Yoda"
}, {
    "EmpNo": 961,
    "Name": "Luke",
    "lastName": "Yoda"
}, {
    "EmpNo": 54,
    "Name": "Luke",
    "lastName": "Bar"
}, {
    "EmpNo": 734,
    "Name": "Superman",
    "lastName": "Yoda"
}, {
    "EmpNo": 466,
    "Name": "Cartman",
    "lastName": "Titi"
}, {
    "EmpNo": 439,
    "Name": "Louis",
    "lastName": "Lara"
}, {
    "EmpNo": 995,
    "Name": "Foo",
    "lastName": "Moliku"
}, {
    "EmpNo": 878,
    "Name": "Luke",
    "lastName": "Bar"
}, {
    "EmpNo": 479,
    "Name": "Luke",
    "lastName": "Yoda"
}, {
    "EmpNo": 252,
    "Name": "Cartman",
    "lastName": "Moliku"
}, {
    "EmpNo": 355,
    "Name": "Zed",
    "lastName": "Moliku"
}, {
    "EmpNo": 355,
    "Name": "Zed",
    "lastName": "Kyle"
}, {
    "EmpNo": 694,
    "Name": "Louis",
    "lastName": "Bar"
}, {
    "EmpNo": 882,
    "Name": "Cartman",
    "lastName": "Yoda"
}, {
    "EmpNo": 620,
    "Name": "Luke",
    "lastName": "Lara"
}, {
    "EmpNo": 390,
    "Name": "Superman",
    "lastName": "Lara"
}, {
    "EmpNo": 247,
    "Name": "Zed",
    "lastName": "Kyle"
}, {
    "EmpNo": 510,
    "Name": "Batman",
    "lastName": "Moliku"
}, {
    "EmpNo": 510,
    "Name": "Batman",
    "lastName": "Lara"
}, {
    "EmpNo": 472,
    "Name": "Foo",
    "lastName": "Moliku"
}, {
    "EmpNo": 533,
    "Name": "Someone First Name",
    "lastName": "Kyle"
}, {
    "EmpNo": 725,
    "Name": "Superman",
    "lastName": "Kyle"
}, {
    "EmpNo": 221,
    "Name": "Zed",
    "lastName": "Lara"
}, {
    "EmpNo": 302,
    "Name": "Louis",
    "lastName": "Whateveryournameis"
}, {
    "EmpNo": 755,
    "Name": "Louis",
    "lastName": "Someone Last Name"
}, {
    "EmpNo": 671,
    "Name": "Batman",
    "lastName": "Lara"
}, {
    "EmpNo": 649,
    "Name": "Louis",
    "lastName": "Whateveryournameis"
}, {
    "EmpNo": 22,
    "Name": "Luke",
    "lastName": "Yoda"
}, {
    "EmpNo": 544,
    "Name": "Louis",
    "lastName": "Lara"
}, {
    "EmpNo": 114,
    "Name": "Someone First Name",
    "lastName": "Titi"
}, {
    "EmpNo": 674,
    "Name": "Someone First Name",
    "lastName": "Lara"
}, {
    "EmpNo": 571,
    "Name": "Zed",
    "lastName": "Kyle"
}, {
    "EmpNo": 554,
    "Name": "Louis",
    "lastName": "Titi"
}, {
    "EmpNo": 203,
    "Name": "Zed",
    "lastName": "Kyle"
}, {
    "EmpNo": 89,
    "Name": "Luke",
    "lastName": "Whateveryournameis"
}, {
    "EmpNo": 299,
    "Name": "Luke",
    "lastName": "Bar"
}, {
    "EmpNo": 48,
    "Name": "Toto",
    "lastName": "Bar"
}, {
    "EmpNo": 726,
    "Name": "Batman",
    "lastName": "Whateveryournameis"
}, {
    "EmpNo": 121,
    "Name": "Toto",
    "lastName": "Bar"
}, {
    "EmpNo": 992,
    "Name": "Superman",
    "lastName": "Whateveryournameis"
}, {
    "EmpNo": 551,
    "Name": "Toto",
    "lastName": "Kyle"
}, {
    "EmpNo": 831,
    "Name": "Louis",
    "lastName": "Lara"
}, {
    "EmpNo": 940,
    "Name": "Luke",
    "lastName": "Moliku"
}, {
    "EmpNo": 974,
    "Name": "Zed",
    "lastName": "Kyle"
}, {
    "EmpNo": 579,
    "Name": "Luke",
    "lastName": "Moliku"
}, {
    "EmpNo": 752,
    "Name": "Cartman",
    "lastName": "Yoda"
}, {
    "EmpNo": 873,
    "Name": "Batman",
    "lastName": "Someone Last Name"
}, {
    "EmpNo": 939,
    "Name": "Louis",
    "lastName": "Whateveryournameis"
}, {
    "EmpNo": 240,
    "Name": "Luke",
    "lastName": "Yoda"
}, {
    "EmpNo": 969,
    "Name": "Cartman",
    "lastName": "Lara"
}, {
    "EmpNo": 247,
    "Name": "Luke",
    "lastName": "Someone Last Name"
}, {
    "EmpNo": 3,
    "Name": "Cartman",
    "lastName": "Whateveryournameis"
}, {
    "EmpNo": 154,
    "Name": "Batman",
    "lastName": "Bar"
}, {
    "EmpNo": 274,
    "Name": "Toto",
    "lastName": "Someone Last Name"
}, {
    "EmpNo": 31,
    "Name": "Luke",
    "lastName": "Someone Last Name"
}, {
    "EmpNo": 789,
    "Name": "Louis",
    "lastName": "Titi"
}, {
    "EmpNo": 634,
    "Name": "Zed",
    "lastName": "Yoda"
}, {
    "EmpNo": 972,
    "Name": "Toto",
    "lastName": "Kyle"
}, {
    "EmpNo": 199,
    "Name": "Foo",
    "lastName": "Moliku"
}, {
    "EmpNo": 562,
    "Name": "Louis",
    "lastName": "Titi"
}, {
    "EmpNo": 460,
    "Name": "Superman",
    "lastName": "Yoda"
}, {
    "EmpNo": 817,
    "Name": "Cartman",
    "lastName": "Someone Last Name"
}, {
    "EmpNo": 307,
    "Name": "Cartman",
    "lastName": "Bar"
}, {
    "EmpNo": 10,
    "Name": "Cartman",
    "lastName": "Titi"
}, {
    "EmpNo": 167,
    "Name": "Toto",
    "lastName": "Someone Last Name"
}, {
    "EmpNo": 107,
    "Name": "Cartman",
    "lastName": "Whateveryournameis"
}, {
    "EmpNo": 432,
    "Name": "Batman",
    "lastName": "Kyle"
}, {
    "EmpNo": 381,
    "Name": "Luke",
    "lastName": "Yoda"
}, {
    "EmpNo": 517,
    "Name": "Louis",
    "lastName": "Lara"
}, {
    "EmpNo": 575,
    "Name": "Superman",
    "lastName": "Kyle"
}, {
    "EmpNo": 716,
    "Name": "Cartman",
    "lastName": "Titi"
}, {
    "EmpNo": 646,
    "Name": "Foo",
    "lastName": "Whateveryournameis"
}, {
    "EmpNo": 144,
    "Name": "Someone First Name",
    "lastName": "Yoda"
}, {
    "EmpNo": 306,
    "Name": "Luke",
    "lastName": "Whateveryournameis"
}, {
    "EmpNo": 395,
    "Name": "Luke",
    "lastName": "Bar"
}, {
    "EmpNo": 777,
    "Name": "Toto",
    "lastName": "Moliku"
}, {
    "EmpNo": 624,
    "Name": "Louis",
    "lastName": "Someone Last Name"
}, {
    "EmpNo": 994,
    "Name": "Superman",
    "lastName": "Moliku"
}, {
    "EmpNo": 653,
    "Name": "Batman",
    "lastName": "Moliku"
}, {
    "EmpNo": 198,
    "Name": "Foo",
    "lastName": "Bar"
}, {
    "EmpNo": 157,
    "Name": "Zed",
    "lastName": "Kyle"
}, {
    "EmpNo": 955,
    "Name": "Luke",
    "lastName": "Someone Last Name"
}, {
    "EmpNo": 339,
    "Name": "Foo",
    "lastName": "Bar"
}, {
    "EmpNo": 552,
    "Name": "Batman",
    "lastName": "Titi"
}, {
    "EmpNo": 735,
    "Name": "Louis",
    "lastName": "Bar"
}, {
    "EmpNo": 294,
    "Name": "Batman",
    "lastName": "Bar"
}, {
    "EmpNo": 287,
    "Name": "Someone First Name",
    "lastName": "Bar"
}, {
    "EmpNo": 399,
    "Name": "Cartman",
    "lastName": "Yoda"
}, {
    "EmpNo": 741,
    "Name": "Foo",
    "lastName": "Kyle"
}, {
    "EmpNo": 670,
    "Name": "Foo",
    "lastName": "Bar"
}, {
    "EmpNo": 260,
    "Name": "Toto",
    "lastName": "Lara"
}, {
    "EmpNo": 294,
    "Name": "Toto",
    "lastName": "Titi"
}, {
    "EmpNo": 294,
    "Name": "Zed",
    "lastName": "Lara"
}, {
    "EmpNo": 840,
    "Name": "Zed",
    "lastName": "Titi"
}, {
    "EmpNo": 448,
    "Name": "Foo",
    "lastName": "Kyle"
}, {
    "EmpNo": 260,
    "Name": "Luke",
    "lastName": "Whateveryournameis"
}, {
    "EmpNo": 119,
    "Name": "Zed",
    "lastName": "Someone Last Name"
}, {
    "EmpNo": 702,
    "Name": "Zed",
    "lastName": "Kyle"
}, {
    "EmpNo": 87,
    "Name": "Zed",
    "lastName": "Someone Last Name"
}, {
    "EmpNo": 161,
    "Name": "Foo",
    "lastName": "Lara"
}, {
    "EmpNo": 404,
    "Name": "Zed",
    "lastName": "Kyle"
}, {
    "EmpNo": 871,
    "Name": "Toto",
    "lastName": "Lara"
}, {
    "EmpNo": 908,
    "Name": "Someone First Name",
    "lastName": "Moliku"
}, {
    "EmpNo": 484,
    "Name": "Louis",
    "lastName": "Bar"
}, {
    "EmpNo": 966,
    "Name": "Cartman",
    "lastName": "Titi"
}, {
    "EmpNo": 392,
    "Name": "Someone First Name",
    "lastName": "Lara"
}, {
    "EmpNo": 738,
    "Name": "Batman",
    "lastName": "Lara"
}, {
    "EmpNo": 560,
    "Name": "Louis",
    "lastName": "Kyle"
}, {
    "EmpNo": 507,
    "Name": "Zed",
    "lastName": "Whateveryournameis"
}, {
    "EmpNo": 660,
    "Name": "Louis",
    "lastName": "Whateveryournameis"
}, {
    "EmpNo": 929,
    "Name": "Superman",
    "lastName": "Moliku"
}, {
    "EmpNo": 42,
    "Name": "Batman",
    "lastName": "Moliku"
}, {
    "EmpNo": 853,
    "Name": "Luke",
    "lastName": "Titi"
}, {
    "EmpNo": 977,
    "Name": "Louis",
    "lastName": "Moliku"
}, {
    "EmpNo": 104,
    "Name": "Toto",
    "lastName": "Kyle"
}, {
    "EmpNo": 820,
    "Name": "Luke",
    "lastName": "Someone Last Name"
}, {
    "EmpNo": 187,
    "Name": "Batman",
    "lastName": "Titi"
}, {
    "EmpNo": 524,
    "Name": "Louis",
    "lastName": "Yoda"
}, {
    "EmpNo": 830,
    "Name": "Cartman",
    "lastName": "Whateveryournameis"
}, {
    "EmpNo": 156,
    "Name": "Someone First Name",
    "lastName": "Lara"
}, {
    "EmpNo": 918,
    "Name": "Foo",
    "lastName": "Whateveryournameis"
}, {
    "EmpNo": 286,
    "Name": "Batman",
    "lastName": "Moliku"
}, {
    "EmpNo": 715,
    "Name": "Louis",
    "lastName": "Kyle"
}, {
    "EmpNo": 501,
    "Name": "Superman",
    "lastName": "Whateveryournameis"
}, {
    "EmpNo": 463,
    "Name": "Foo",
    "lastName": "Kyle"
}, {
    "EmpNo": 419,
    "Name": "Toto",
    "lastName": "Yoda"
}, {
    "EmpNo": 752,
    "Name": "Foo",
    "lastName": "Moliku"
}, {
    "EmpNo": 754,
    "Name": "Louis",
    "lastName": "Titi"
}, {
    "EmpNo": 497,
    "Name": "Someone First Name",
    "lastName": "Kyle"
}, {
    "EmpNo": 722,
    "Name": "Louis",
    "lastName": "Moliku"
}, {
    "EmpNo": 986,
    "Name": "Batman",
    "lastName": "Someone Last Name"
}, {
    "EmpNo": 908,
    "Name": "Someone First Name",
    "lastName": "Titi"
}, {
    "EmpNo": 559,
    "Name": "Superman",
    "lastName": "Bar"
}, {
    "EmpNo": 816,
    "Name": "Foo",
    "lastName": "Bar"
}, {
    "EmpNo": 517,
    "Name": "Louis",
    "lastName": "Bar"
}, {
    "EmpNo": 188,
    "Name": "Superman",
    "lastName": "Bar"
}, {
    "EmpNo": 762,
    "Name": "Batman",
    "lastName": "Someone Last Name"
}, {
    "EmpNo": 872,
    "Name": "Batman",
    "lastName": "Titi"
}, {
    "EmpNo": 107,
    "Name": "Louis",
    "lastName": "Lara"
}, {
    "EmpNo": 968,
    "Name": "Louis",
    "lastName": "Moliku"
}, {
    "EmpNo": 643,
    "Name": "Toto",
    "lastName": "Someone Last Name"
}, {
    "EmpNo": 88,
    "Name": "Toto",
    "lastName": "Titi"
}, {
    "EmpNo": 844,
    "Name": "Foo",
    "lastName": "Kyle"
}, {
    "EmpNo": 334,
    "Name": "Batman",
    "lastName": "Someone Last Name"
}, {
    "EmpNo": 43,
    "Name": "Zed",
    "lastName": "Lara"
}, {
    "EmpNo": 600,
    "Name": "Someone First Name",
    "lastName": "Kyle"
}, {
    "EmpNo": 719,
    "Name": "Luke",
    "lastName": "Lara"
}, {
    "EmpNo": 698,
    "Name": "Zed",
    "lastName": "Yoda"
}, {
    "EmpNo": 994,
    "Name": "Zed",
    "lastName": "Whateveryournameis"
}, {
    "EmpNo": 595,
    "Name": "Someone First Name",
    "lastName": "Someone Last Name"
}, {
    "EmpNo": 223,
    "Name": "Toto",
    "lastName": "Yoda"
}, {
    "EmpNo": 392,
    "Name": "Foo",
    "lastName": "Moliku"
}, {
    "EmpNo": 972,
    "Name": "Toto",
    "lastName": "Whateveryournameis"
}, {
    "EmpNo": 155,
    "Name": "Louis",
    "lastName": "Whateveryournameis"
}, {
    "EmpNo": 956,
    "Name": "Louis",
    "lastName": "Yoda"
}, {
    "EmpNo": 62,
    "Name": "Foo",
    "lastName": "Kyle"
}, {
    "EmpNo": 689,
    "Name": "Superman",
    "lastName": "Titi"
}, {
    "EmpNo": 46,
    "Name": "Foo",
    "lastName": "Someone Last Name"
}, {
    "EmpNo": 401,
    "Name": "Toto",
    "lastName": "Someone Last Name"
}, {
    "EmpNo": 658,
    "Name": "Louis",
    "lastName": "Bar"
}, {
    "EmpNo": 375,
    "Name": "Someone First Name",
    "lastName": "Bar"
}, {
    "EmpNo": 877,
    "Name": "Toto",
    "lastName": "Someone Last Name"
}, {
    "EmpNo": 923,
    "Name": "Cartman",
    "lastName": "Lara"
}, {
    "EmpNo": 37,
    "Name": "Zed",
    "lastName": "Kyle"
}, {
    "EmpNo": 416,
    "Name": "Cartman",
    "lastName": "Yoda"
}, {
    "EmpNo": 546,
    "Name": "Zed",
    "lastName": "Yoda"
}, {
    "EmpNo": 282,
    "Name": "Luke",
    "lastName": "Lara"
}, {
    "EmpNo": 943,
    "Name": "Superman",
    "lastName": "Yoda"
}, {
    "EmpNo": 319,
    "Name": "Foo",
    "lastName": "Whateveryournameis"
}, {
    "EmpNo": 390,
    "Name": "Louis",
    "lastName": "Lara"
}, {
    "EmpNo": 556,
    "Name": "Luke",
    "lastName": "Kyle"
}, {
    "EmpNo": 255,
    "Name": "Cartman",
    "lastName": "Whateveryournameis"
}, {
    "EmpNo": 80,
    "Name": "Zed",
    "lastName": "Kyle"
}, {
    "EmpNo": 760,
    "Name": "Louis",
    "lastName": "Moliku"
}, {
    "EmpNo": 291,
    "Name": "Louis",
    "lastName": "Titi"
}, {
    "EmpNo": 916,
    "Name": "Louis",
    "lastName": "Bar"
}, {
    "EmpNo": 212,
    "Name": "Foo",
    "lastName": "Moliku"
}, {
    "EmpNo": 445,
    "Name": "Luke",
    "lastName": "Whateveryournameis"
}, {
    "EmpNo": 101,
    "Name": "Someone First Name",
    "lastName": "Someone Last Name"
}, {
    "EmpNo": 565,
    "Name": "Superman",
    "lastName": "Kyle"
}, {
    "EmpNo": 304,
    "Name": "Luke",
    "lastName": "Someone Last Name"
}, {
    "EmpNo": 557,
    "Name": "Foo",
    "lastName": "Titi"
}, {
    "EmpNo": 544,
    "Name": "Toto",
    "lastName": "Kyle"
}, {
    "EmpNo": 244,
    "Name": "Zed",
    "lastName": "Titi"
}, {
    "EmpNo": 464,
    "Name": "Someone First Name",
    "lastName": "Bar"
}, {
    "EmpNo": 225,
    "Name": "Toto",
    "lastName": "Titi"
}, {
    "EmpNo": 727,
    "Name": "Superman",
    "lastName": "Someone Last Name"
}, {
    "EmpNo": 735,
    "Name": "Louis",
    "lastName": "Bar"
}, {
    "EmpNo": 334,
    "Name": "Foo",
    "lastName": "Lara"
}, {
    "EmpNo": 982,
    "Name": "Batman",
    "lastName": "Kyle"
}, {
    "EmpNo": 48,
    "Name": "Batman",
    "lastName": "Lara"
}, {
    "EmpNo": 175,
    "Name": "Luke",
    "lastName": "Moliku"
}, {
    "EmpNo": 885,
    "Name": "Louis",
    "lastName": "Moliku"
}, {
    "EmpNo": 675,
    "Name": "Toto",
    "lastName": "Moliku"
}, {
    "EmpNo": 47,
    "Name": "Superman",
    "lastName": "Someone Last Name"
}, {
    "EmpNo": 105,
    "Name": "Toto",
    "lastName": "Titi"
}, {
    "EmpNo": 616,
    "Name": "Cartman",
    "lastName": "Lara"
}, {
    "EmpNo": 134,
    "Name": "Someone First Name",
    "lastName": "Someone Last Name"
}, {
    "EmpNo": 26,
    "Name": "Foo",
    "lastName": "Moliku"
}, {
    "EmpNo": 134,
    "Name": "Toto",
    "lastName": "Whateveryournameis"
}, {
    "EmpNo": 680,
    "Name": "Zed",
    "lastName": "Lara"
}, {
    "EmpNo": 208,
    "Name": "Luke",
    "lastName": "Someone Last Name"
}, {
    "EmpNo": 233,
    "Name": "Someone First Name",
    "lastName": "Moliku"
}, {
    "EmpNo": 131,
    "Name": "Louis",
    "lastName": "Moliku"
}, {
    "EmpNo": 87,
    "Name": "Toto",
    "lastName": "Yoda"
}, {
    "EmpNo": 356,
    "Name": "Batman",
    "lastName": "Kyle"
}, {
    "EmpNo": 39,
    "Name": "Louis",
    "lastName": "Whateveryournameis"
}, {
    "EmpNo": 867,
    "Name": "Batman",
    "lastName": "Lara"
}, {
    "EmpNo": 382,
    "Name": "Someone First Name",
    "lastName": "Bar"
}]
    
}
    